Year,State,Evs,Infrastructure,Electricity_Price,Gas_Price,Median_Income,Political_Control,Car_Price_Difference,Lithium_Price,EV_Range,Combined_EV_Tax_Credit,Motor_Fuel_Tax,HOV_Access
2014,AL,0.4895,0.1941,11.78,2.5543,51140,0.1832,2958,356,84,7500,18,0
2015,AL,0.6306,0.4184,12,1.6128,53880,0.1832,1539,325,90,7500,18,0
2016,AL,0.8656,0.4667,12.56,1.3908,56660,0.1832,6108,298,218,7500,18,0
2017,AL,1.1981,0.6565,12.73,1.5993,59980,0.174,3021,261,194,7500,18,0
2018,AL,2.2731,0.8082,12.42,1.8645,57720,0.1649,1504,229,213,7500,18,0
2019,AL,3.7384,1.032,12.96,1.7092,64010,0.1649,18661,211,239,7500,26,0
2020,AL,5.2307,1.1845,13.07,1.214,61650,0.1649,3897,190,259,7500,26,0
2021,AL,8.3934,1.3464,13.81,2.0754,61390,0.1649,11281,169,234,7500,26,0
2022,AL,13.8316,1.6713,15.19,2.696,59910,0.1649,17197,153,257,7500,30,0
2014,AZ,2.985,1.1604,11.99,2.6542,59580,0.2667,2958,356,84,7500,18,1
2015,AZ,4.2491,1.1919,12.22,1.7722,63250,0.275,1539,325,90,7500,18,1
2016,AZ,6.0437,1.4638,12.16,1.4844,68510,0.2833,6108,298,218,7500,18,1
2017,AZ,8.5477,1.5133,12.85,1.716,70390,0.2944,3021,261,194,7500,18,1
2018,AZ,16.1916,1.7128,13.26,2.0882,71990,0.3056,1504,229,213,7500,18,1
2019,AZ,25.0415,2.0278,12.91,2.0333,80500,0.3111,18661,211,239,7500,18,1
2020,AZ,33.6414,2.474,12.14,1.4593,75620,0.3167,3897,190,259,7500,18,1
2021,AZ,49.7299,3.1035,12.83,2.2898,76370,0.3167,11281,169,234,7500,18,1
2022,AZ,73.0889,3.5815,13.1,2.966,73450,0.3167,17197,153,257,7500,18,1
2014,AR,0.2527,0.1921,9.84,2.5331,54340,0.5581,2958,356,84,7500,21.5,0
2015,AR,0.3526,0.2183,10,1.6098,51810,0.3669,1539,325,90,7500,21.5,0
2016,AR,0.4983,0.3044,9.85,1.3498,55080,0.1757,6108,298,218,7500,21.5,0
2017,AR,0.7363,0.3765,10.11,1.5837,58660,0.174,3021,261,194,7500,21.5,0
2018,AR,1.5981,0.412,9.34,1.8596,57540,0.1724,1504,229,213,7500,21.5,0
2019,AR,2.8199,0.961,9.71,1.6982,62120,0.1562,18661,211,239,7500,24.8,0
2020,AR,3.908,1.1611,10.76,1.1733,57240,0.14,3897,190,259,7500,24.8,0
2021,AR,6.9078,1.4958,11.47,2.0323,54760,0.1286,11281,169,234,7500,24.8,0
2022,AR,10.8948,1.963,12.58,2.594,53980,0.1171,17197,153,257,7500,24.6,0
2014,CA,15.523,1.811,13.32,2.7563,73170,0.7583,2958,356,84,11625,39.5,1
2015,CA,24.1171,2.6546,14.98,2.1311,77030,0.7729,1539,325,90,11625,30,1
2016,CA,33.8856,3.5959,13.94,1.7256,79960,0.7875,6108,298,218,11625,30,1
2017,CA,46.3648,4.2019,15.37,1.9794,82580,0.8063,3021,261,194,11625,41.7,1
2018,CA,69.3474,5.3518,15.73,2.3492,81480,0.825,1504,229,213,11625,41.7,1
2019,CA,94.7061,6.8657,14.97,2.4212,88960,0.8333,18661,211,239,11625,47.3,1
2020,CA,118.3299,8.7644,20.79,1.7958,87530,0.8417,3897,190,259,11625,50.5,1
2021,CA,161.9676,10.5313,22,2.7582,87960,0.85,11281,169,234,11625,51.1,1
2022,CA,231.1193,11.1166,25.49,3.505,85300,0.8583,17197,153,257,11625,53.9,1
2014,CT,2.2451,0.9987,20.19,2.6965,84870,0.7198,2958,356,84,11625,25,0
2015,CT,3.6743,1.3799,20.05,1.7108,88230,0.6971,1539,325,90,11625,25,0
2016,CT,5.3184,2.0206,19.95,1.4628,91100,0.6744,6108,298,218,11625,25,0
2017,CT,8.0738,2.2052,21.3,1.689,87620,0.7119,3021,261,194,11625,25,0
2018,CT,13.2409,2.3435,21.87,1.9683,84160,0.7494,1504,229,213,11625,25,0
2019,CT,19.9479,2.9395,21.67,1.816,99420,0.7595,18661,211,239,11625,25,0
2020,CT,26.5347,3.466,22.68,1.3196,89540,0.7697,3897,190,259,11625,25,0
2021,CT,40.0839,3.9682,22.85,2.1414,87300,0.7708,11281,169,234,11625,25,0
2022,CT,59.0212,4.539,25.04,2.728,90730,0.7719,17197,153,257,11625,25,0
2014,DE,1.0295,0.2788,14.72,2.6533,69580,0.7271,2958,356,84,9250,23,0
2015,DE,1.5724,0.5843,14.4,1.6684,69910,0.7191,1539,325,90,9250,23,0
2016,DE,2.3079,0.7061,15.5,1.4142,69650,0.7112,6108,298,218,9250,23,0
2017,DE,3.6893,1.066,14.3,1.6382,76600,0.7232,3021,261,194,9250,23,0
2018,DE,7.2296,1.3776,13.89,1.9175,75140,0.7352,1504,229,213,9250,23,0
2019,DE,13.1141,1.7663,14.03,1.7723,84510,0.7511,18661,211,239,9250,23,0
2020,DE,18.7728,2.0769,13.93,1.2469,78930,0.7669,3897,190,259,9250,23,0
2021,DE,30.3519,3.1247,13.69,2.0967,74070,0.7749,11281,169,234,9250,23,0
2022,DE,46.7895,3.5999,16.16,2.688,80750,0.7828,17197,153,257,9250,23,0
2014,FL,2.2906,0.6359,11.99,2.6204,55810,0.2194,2958,356,84,7500,16.9,0
2015,FL,3.3104,0.8462,11.61,1.6878,59100,0.2292,1539,325,90,7500,17.3,0
2016,FL,4.8861,1.0323,11.2,1.442,61400,0.2389,6108,298,218,7500,17.3,0
2017,FL,6.4669,1.1949,12.12,1.6833,62600,0.2556,3021,261,194,7500,17.4,0
2018,FL,10.9964,1.4263,11.67,1.9268,63160,0.2722,1504,229,213,7500,27.5,0
2019,FL,16.9934,2.1241,11.91,1.7617,66480,0.2611,18661,211,239,7500,37.48,0
2020,FL,25.5219,2.5561,11.49,1.2762,65110,0.25,3897,190,259,7500,37.78,0
2021,FL,42.5937,3.0796,12.21,2.1028,64410,0.2236,11281,169,234,7500,38.08,0
2022,FL,67.169,3.5072,14.21,2.728,65370,0.1972,17197,153,257,7500,38.88,0
2014,GA,14.3952,0.6655,11.34,2.6118,59940,0.2164,2958,356,84,7500,7.5,1
2015,GA,20.3852,1.1436,11.09,1.6546,61450,0.2192,1539,325,90,7500,26,1
2016,GA,21.6125,1.4638,11.07,1.4012,64230,0.222,6108,298,218,7500,26,1
2017,GA,22.7073,1.8251,11.42,1.6193,68370,0.242,3021,261,194,7500,26.3,1
2018,GA,26.7507,2.0778,10.96,1.8859,64520,0.262,1504,229,213,7500,26.8,1
2019,GA,30.4641,2.7681,11.02,1.7321,64500,0.2669,18661,211,239,7500,27.5,1
2020,GA,34.3502,3.3963,12.03,1.2269,66810,0.2717,3897,190,259,7500,27.9,1
2021,GA,43.4767,3.6505,12.93,2.0918,66310,0.2774,11281,169,234,7500,28.7,1
2022,GA,59.1424,3.7762,14.31,2.708,67730,0.2832,17197,153,257,7500,29.1,1
2014,ID,0.705,0.141,10.24,2.6539,64640,0.1333,2958,356,84,7500,25,0
2015,ID,1.0418,0.424,10.32,1.8109,62490,0.1214,1539,325,90,7500,32,0
2016,ID,1.3552,0.7965,10.31,1.5213,67870,0.1095,6108,298,218,7500,33,0
2017,ID,1.828,0.9897,10.34,1.7912,70160,0.1214,3021,261,194,7500,33,0
2018,ID,3.4561,0.994,10.33,2.154,67880,0.1333,1504,229,213,7500,33,0
2019,ID,5.5286,1.2087,9.7,1.957,75160,0.1286,18661,211,239,7500,33,0
2020,ID,7.8839,1.5195,10.3,1.4667,75220,0.1238,3897,190,259,7500,33,0
2021,ID,13.1003,1.8115,10.6,2.4611,82940,0.1214,11281,169,234,7500,33,0
2022,ID,21.573,1.9701,11.24,2.7897,72580,0.119,17197,153,257,7500,33,0
2014,IL,2.2935,0.6201,13.14,2.6411,66430,0.7542,2958,356,84,11500,19,0
2015,IL,3.3284,0.7155,13.47,1.7271,73130,0.5763,1539,325,90,11500,19,0
2016,IL,4.5256,0.8861,12.54,1.4447,73650,0.3983,6108,298,218,11500,19,0
2017,IL,6.4028,0.9672,12.88,1.6655,77790,0.4167,3021,261,194,11500,19,0
2018,IL,10.6971,1.0996,13.23,1.9141,81080,0.435,1504,229,213,11500,19,0
2019,IL,15.7286,1.471,13.62,1.7917,84740,0.4364,18661,211,239,11500,39.1,0
2020,IL,20.7766,1.8381,13.98,1.1994,83790,0.4379,3897,190,259,11500,39.8,0
2021,IL,30.2001,2.1717,13.98,2.0504,85460,0.4421,11281,169,234,11500,40.3,0
2022,IL,47.9976,2.6346,17.25,2.57,78020,0.4463,17197,153,257,11500,40.3,0
2014,IN,0.8903,0.3503,12,2.5971,58130,0.1633,2958,356,84,7500,18,0
2015,IN,1.259,0.4479,11.77,1.6491,62930,0.1617,1539,325,90,7500,18,0
2016,IN,1.6686,0.5863,12.24,1.3998,67310,0.16,6108,298,218,7500,18,0
2017,IN,2.319,0.6053,12.4,1.608,69290,0.1683,3021,261,194,7500,29,0
2018,IN,4.3477,0.7259,12.39,1.8691,69230,0.1767,1504,229,213,7500,30,0
2019,IN,6.9249,0.912,12.55,1.7444,75960,0.1733,18661,211,239,7500,31,0
2020,IN,9.446,1.1548,13.98,1.1699,75310,0.17,3897,190,259,7500,32,0
2021,IN,14.2608,1.3913,14.31,2.0232,75690,0.1683,11281,169,234,7500,33,0
2022,IN,21.8273,1.5924,17.15,2.5493,70030,0.1667,17197,153,257,7500,34,0
2014,IA,0.6304,0.3506,11.4,2.5858,69930,0.3167,2958,356,84,7500,21,0
2015,IA,0.8267,0.4998,11.7,1.6713,73660,0.2947,1539,325,90,7500,30.8,0
2016,IA,1.0794,0.6898,12.27,1.3828,70900,0.2727,6108,298,218,7500,31.7,0
2017,IA,1.4993,0.8213,12.08,1.6378,74840,0.2743,3021,261,194,7500,31.5,0
2018,IA,3.0299,0.9401,12.82,1.915,79430,0.2758,1504,229,213,7500,31.7,0
2019,IA,4.6148,1.103,12.49,1.7601,75240,0.2662,18661,211,239,7500,31.5,0
2020,IA,6.2835,1.5231,12.51,1.1844,77570,0.2567,3897,190,259,7500,31,0
2021,IA,10.5693,1.8199,12.53,2.0478,78100,0.24,11281,169,234,7500,31,0
2022,IA,16.786,2.0596,13.36,2.5873,76320,0.2233,17197,153,257,7500,31,0
2014,KS,0.6723,0.6344,12.73,2.539,64650,0.1497,2958,356,84,9900,24,0
2015,KS,0.9247,1.8941,12.34,1.6183,66410,0.1657,1539,325,90,9900,24,0
2016,KS,1.6456,2.4907,13.12,1.3518,68160,0.1817,6108,298,218,9900,24,0
2017,KS,2.3653,2.551,13.32,1.5952,67090,0.1817,3021,261,194,9900,24,0
2018,KS,4.534,2.6895,13.32,1.8719,73900,0.1817,1504,229,213,9900,24,0
2019,KS,6.7861,3.103,13.03,1.7233,83320,0.1887,18661,211,239,9900,24,0
2020,KS,9.3257,3.2334,13.08,1.1684,82380,0.1957,3897,190,259,9900,24,0
2021,KS,13.8022,3.4616,13.12,2.0158,81930,0.1957,11281,169,234,9900,24,0
2022,KS,21.0848,3.5652,15.1,2.5583,73040,0.1957,17197,153,257,9900,24,0
2014,KY,0.3126,0.2401,10.39,2.6416,51750,0.6186,2958,356,84,7500,30.9,0
2015,KY,0.4677,0.2101,10.74,1.6888,51310,0.4175,1539,325,90,7500,24.6,0
2016,KY,0.6714,0.3785,10.83,1.4625,54440,0.2165,6108,298,218,7500,24.6,0
2017,KY,1.0377,0.4335,10.94,1.6733,58570,0.2171,3021,261,194,7500,24.6,0
2018,KY,2.0891,0.4909,10.77,1.9118,63060,0.2177,1504,229,213,7500,24.6,0
2019,KY,3.3843,0.7051,10.89,1.7703,63400,0.1856,18661,211,239,7500,24.6,0
2020,KY,4.9799,0.8496,11.7,1.2463,63980,0.1535,3897,190,259,7500,24.6,0
2021,KY,8.2439,1.1691,12.26,2.09,59980,0.1408,11281,169,234,7500,24.6,0
2022,KY,13.195,1.3654,13.99,2.627,55880,0.1281,17197,153,257,7500,24.6,0
2014,LA,0.3919,0.1464,9.63,2.5326,51290,0.2738,2958,356,84,7500,20,0
2015,LA,0.5574,0.1758,9.55,1.5951,55590,0.4314,1539,325,90,7500,20,0
2016,LA,0.7909,0.3313,9.33,1.3699,50630,0.5889,6108,298,218,7500,20,0
2017,LA,1.0555,0.4175,9.72,1.6051,51370,0.5889,3021,261,194,7500,20,0
2018,LA,1.8993,0.4571,9.11,1.8741,57760,0.5889,1504,229,213,7500,20,0
2019,LA,3.0373,0.6303,9.89,1.6877,58890,0.569,18661,211,239,7500,20,0
2020,LA,4.1573,0.7739,10.57,1.1738,57700,0.5492,3897,190,259,7500,20,0
2021,LA,6.6781,0.8321,11.7,2.0465,61690,0.5492,11281,169,234,7500,20,0
2022,LA,11.044,1.0353,14.06,2.673,58330,0.5492,17197,153,257,7500,20,0
2014,ME,0.9245,0.3082,15.86,2.7047,62550,0.2491,2958,356,84,15000,30,0
2015,ME,1.3025,0.655,14.87,1.7137,61440,0.2508,1539,325,90,15000,30,0
2016,ME,1.5774,1.3821,16.28,1.4768,61020,0.2525,6108,298,218,15000,30,0
2017,ME,2.5026,1.6559,16.2,1.6833,62870,0.2834,3021,261,194,15000,30,0
2018,ME,4.3911,1.9715,16.47,1.9956,67810,0.3143,1504,229,213,15000,30,0
2019,ME,8.2279,3.2212,18.33,1.855,75800,0.301,18661,211,239,15000,30,0
2020,ME,11.9456,3.7962,16.86,1.2957,71800,0.2876,3897,190,259,15000,30,0
2021,ME,19.6767,4.562,18.18,2.1563,76710,0.2912,11281,169,234,15000,30,0
2022,ME,30.1439,6.226,23.06,2.7563,75160,0.2948,17197,153,257,15000,30,0
2014,MD,2.3702,1.0911,13.96,2.6433,92130,0.7825,2958,356,84,10500,23.5,1
2015,MD,3.6003,1.4251,15.35,1.6711,89090,0.6158,1539,325,90,10500,32.1,1
2016,MD,5.0522,1.8873,15.19,1.4187,88500,0.4492,6108,298,218,10500,33.5,1
2017,MD,7.4304,2.2261,14.4,1.6461,96800,0.4551,3021,261,194,10500,33.8,1
2018,MD,13.7364,2.906,14.19,1.9172,99660,0.461,1504,229,213,10500,35.3,1
2019,MD,22.2638,3.4901,14.05,1.7693,108900,0.461,18661,211,239,10500,36.7,1
2020,MD,30.3822,4.4819,13.85,1.2293,106900,0.461,3897,190,259,10500,36.3,1
2021,MD,45.5608,5.5319,14.48,2.076,105000,0.4716,11281,169,234,10500,36.1,1
2022,MD,69.2053,6.3741,15.86,2.678,108200,0.4823,17197,153,257,10500,42.7,1
2014,MA,2.3098,1.0662,16.9,2.6758,76390,0.5438,2958,356,84,11000,24,0
2015,MA,3.5427,1.4115,18.37,1.6978,82150,0.5438,1539,325,90,11000,24,0
2016,MA,5.1468,1.8407,18.74,1.4564,86710,0.5438,6108,298,218,11000,24,0
2017,MA,7.8676,2.191,19.35,1.6763,89900,0.5458,3021,261,194,11000,24,0
2018,MA,15.0466,2.6007,21.3,1.9414,99800,0.5479,1504,229,213,11000,24,0
2019,MA,23.2165,3.5618,21.23,1.7855,99900,0.5625,18661,211,239,11000,24,0
2020,MA,31.3317,4.8673,21.63,1.2564,98980,0.5771,3897,190,259,11000,24,0
2021,MA,46.1059,6.9666,22.59,2.1023,93340,0.5823,11281,169,234,11000,24,0
2022,MA,67.7499,8.2561,26.28,2.682,93550,0.5875,17197,153,257,11000,24,0
2014,MI,0.7664,0.711,14.72,2.6127,62910,0.2389,2958,356,84,7500,19,0
2015,MI,1.0683,0.7914,14.59,1.6549,65610,0.2389,1539,325,90,7500,19,0
2016,MI,1.3627,1.1396,15.77,1.4294,68500,0.2389,6108,298,218,7500,19,0
2017,MI,2.0996,1.2133,15.2,1.6338,66510,0.2684,3021,261,194,7500,26.3,0
2018,MI,3.7229,1.3842,15.42,1.8885,69870,0.2979,1504,229,213,7500,26.3,0
2019,MI,4.531,1.4309,16.35,1.7599,73030,0.2979,18661,211,239,7500,26.3,0
2020,MI,7.5983,1.5868,16.83,1.2002,72590,0.2979,3897,190,259,7500,26.3,0
2021,MI,14.0235,1.826,17.96,2.0532,69540,0.3215,11281,169,234,7500,26.3,0
2022,MI,23.9244,2.6881,18.18,2.541,68990,0.3451,17197,153,257,7500,27.2,0
2014,MN,1.1998,0.8182,12.47,2.5259,81340,0.6816,2958,356,84,7500,28.5,0
2015,MN,1.7293,0.9285,12.76,1.6318,83200,0.6604,1539,325,90,7500,28.5,0
2016,MN,2.7197,1.2421,13.24,1.347,84250,0.6393,6108,298,218,7500,28.5,0
2017,MN,4.0243,1.3654,13.53,1.6128,82510,0.6617,3021,261,194,7500,28.5,0
2018,MN,7.324,1.4056,13.72,1.8931,83010,0.6841,1504,229,213,7500,28.5,0
2019,MN,12.2863,1.8636,13.4,1.7582,92740,0.6729,18661,211,239,7500,28.5,0
2020,MN,16.606,2.1329,13.64,1.1693,88770,0.6617,3897,190,259,7500,28.5,0
2021,MN,24.6696,2.4309,14.03,2.0256,86740,0.6692,11281,169,234,7500,28.5,0
2022,MN,36.8094,2.6547,14.95,2.5497,90390,0.6766,17197,153,257,7500,28.5,0
2014,MS,0.1572,0.117,11.54,2.5769,42970,0.2931,2958,356,84,7500,18.4,0
2015,MS,0.2008,0.1205,11.16,1.6171,48460,0.2776,1539,325,90,7500,18.4,0
2016,MS,0.2912,0.2142,10.66,1.3788,49310,0.2621,6108,298,218,7500,18.4,0
2017,MS,0.4718,0.3882,11.2,1.6088,51030,0.2621,3021,261,194,7500,18.4,0
2018,MS,0.8521,0.3992,11.22,1.8711,49450,0.2621,1504,229,213,7500,18.4,0
2019,MS,1.4146,0.9811,11.22,1.714,51010,0.2457,18661,211,239,7500,18.4,0
2020,MS,2.1735,1.1628,11.53,1.2022,50880,0.2293,3897,190,259,7500,18.4,0
2021,MS,3.787,1.468,11.96,2.0741,50290,0.2293,11281,169,234,7500,18.4,0
2022,MS,6.1315,1.5005,13.44,2.6893,48610,0.2293,17197,153,257,7500,18.4,0
2014,MO,1.108,0.3203,10.59,2.5733,68500,0.5156,2958,356,84,7500,17,0
2015,MO,1.558,0.8663,11.07,1.6604,71660,0.5156,1539,325,90,7500,17,0
2016,MO,2.3295,1.9106,10.4,1.3863,66010,0.5156,6108,298,218,7500,17,0
2017,MO,3.321,2.571,10.79,1.6267,66660,0.3549,3021,261,194,7500,17,0
2018,MO,5.8007,2.7329,10.71,1.8981,71350,0.1942,1504,229,213,7500,17,0
2019,MO,8.3879,3.0876,10.3,1.7613,69020,0.1962,18661,211,239,7500,17,0
2020,MO,11.2553,3.3472,11.05,1.2017,70090,0.1982,3897,190,259,7500,17,0
2021,MO,16.845,3.5654,11.26,2.0584,68570,0.2013,11281,169,234,7500,19.5,0
2022,MO,26.5348,3.5809,12.21,2.61,71520,0.2044,17197,153,257,7500,22,0
2014,MT,0.685,0.0979,10.8,2.5936,61810,0.61,2958,356,84,7500,27.75,0
2015,MT,1.2324,0.4367,11.29,1.7311,62210,0.6,1539,325,90,7500,27.75,0
2016,MT,1.7966,0.7302,11.35,1.5028,68480,0.59,6108,298,218,7500,27.75,0
2017,MT,2.5559,0.7981,11.42,1.7838,67690,0.5983,3021,261,194,7500,32.25,0
2018,MT,4.2426,0.9051,11.48,2.0583,66670,0.6067,1504,229,213,7500,32.25,0
2019,MT,6.3624,1.2818,11.71,1.8936,68560,0.5883,18661,211,239,7500,32.75,0
2020,MT,8.4896,1.7292,11.58,1.3914,63960,0.57,3897,190,259,7500,32.75,0
2021,MT,14.0912,1.9162,11.73,2.2758,70090,0.3917,11281,169,234,7500,33.25,0
2022,MT,26.8061,2.2442,12.46,2.8367,72980,0.2133,17197,153,257,7500,33,0
2014,NE,0.8514,0.2128,10.76,2.5923,68790,0.1633,2958,356,84,7500,26.3,0
2015,NE,1.1315,0.3014,10.95,1.673,73200,0.1837,1539,325,90,7500,26.1,0
2016,NE,1.4693,0.6087,10.8,1.3785,71240,0.2041,6108,298,218,7500,26.7,0
2017,NE,1.9886,0.8299,10.95,1.6343,70260,0.2177,3021,261,194,7500,27.9,0
2018,NE,3.926,1.0075,11.23,1.9121,78110,0.2313,1504,229,213,7500,28.9,0
2019,NE,5.8312,1.2304,11.1,1.769,83230,0.2313,18661,211,239,7500,30.6,0
2020,NE,8.1598,1.4618,11.36,1.1993,81440,0.2313,3897,190,259,7500,34.1,0
2021,NE,12.6155,1.9193,11.46,2.0665,84220,0.2313,11281,169,234,7500,28.6,0
2022,NE,19.4354,2.2662,12.03,2.6217,78360,0.2313,17197,153,257,7500,25.7,0
2014,NV,2.1295,0.9157,13.22,2.695,60330,0.2778,2958,356,84,7500,24,1
2015,NV,3.5229,1.0743,12.99,1.9894,62960,0.3333,1539,325,90,7500,24,1
2016,NV,5.3058,1.6829,12.06,1.5467,66510,0.3889,6108,298,218,7500,24,1
2017,NV,7.2561,2.0674,12.81,1.7871,68440,0.4127,3021,261,194,7500,24,1
2018,NV,12.6943,2.1768,12.16,2.1673,71510,0.4365,1504,229,213,7500,24,1
2019,NV,21.619,3.0096,12.52,2.1608,80760,0.5833,18661,211,239,7500,24,1
2020,NV,30.7975,3.7293,4.07,1.5075,68950,0.7302,3897,190,259,7500,23.81,1
2021,NV,50.7241,4.2998,12.58,2.4898,69380,0.746,11281,169,234,7500,23.81,1
2022,NV,83.9266,5.2338,15.23,3.201,72330,0.7619,17197,153,257,7500,23.81,1
2014,NJ,2.1817,0.2956,15.59,2.6304,78920,0.4,2958,356,84,11500,10.5,0
2015,NJ,3.2634,0.4601,15.55,1.6423,82750,0.4083,1539,325,90,11500,10.5,0
2016,NJ,4.7639,0.5704,15.29,1.3916,82150,0.4167,6108,298,218,11500,37.5,0
2017,NJ,6.99,0.6471,14.7,1.6247,84000,0.5917,3021,261,194,11500,37.1,0
2018,NJ,13.3491,0.8406,14.96,1.9046,85740,0.7667,1504,229,213,11500,37.1,0
2019,NJ,21.5465,1.4602,15.51,1.7573,99920,0.7625,18661,211,239,11500,37.1,0
2020,NJ,33.0929,1.7806,15.92,1.2264,96430,0.7583,3897,190,259,11500,37.1,0
2021,NJ,54.4363,2.1663,16.2,2.0735,95490,0.7417,11281,169,234,11500,37.1,0
2022,NJ,87.9059,2.909,16.42,2.6703,92340,0.725,17197,153,257,11500,37.1,0
2014,NM,1.0672,0.2824,12.7,2.5987,56470,0.3556,2958,356,84,7500,18.88,0
2015,NM,1.4167,0.4643,12.71,1.7188,54620,0.3714,1539,325,90,7500,17,0
2016,NM,1.769,0.6454,12.59,1.4385,58130,0.3873,6108,298,218,7500,17,0
2017,NM,2.5672,0.7984,13.01,1.6923,53770,0.4063,3021,261,194,7500,17,0
2018,NM,4.4583,0.8649,12.97,1.9763,55810,0.4254,1504,229,213,7500,17,0
2019,NM,7.0201,1.1684,13.06,1.8561,60500,0.5913,18661,211,239,7500,17,0
2020,NM,9.436,1.7654,13.35,1.313,57380,0.7571,3897,190,259,7500,17,0
2021,NM,15.3806,2.1588,13.74,2.2743,57650,0.7595,11281,169,234,7500,17,0
2022,NM,25.2286,2.4036,14.68,2.8937,56420,0.7619,17197,153,257,7500,17,0
2014,NY,1.2457,0.5282,19.42,2.6857,65690,0.7329,2958,356,84,9500,26.65,1
2015,NY,1.8978,0.6518,18.38,1.7013,70210,0.7356,1539,325,90,9500,25.85,1
2016,NY,2.9791,0.8302,18.28,1.4493,73720,0.7382,6108,298,218,9500,25.05,1
2017,NY,4.7602,1.0036,18.76,1.6847,72570,0.7594,3021,261,194,9500,24.25,1
2018,NY,8.3091,1.3108,19.29,1.9771,77760,0.7805,1504,229,213,9500,24.95,1
2019,NY,12.8809,2.3291,18.57,1.8372,81840,0.7885,18661,211,239,9500,25.75,1
2020,NY,18.1937,3.0301,19.28,1.3271,77400,0.7964,3897,190,259,9500,25.45,1
2021,NY,29.071,3.8384,20.59,2.1701,78630,0.7926,11281,169,234,9500,24.65,1
2022,NY,43.5125,4.8487,23.29,2.7677,75910,0.7889,17197,153,257,9500,25.35,1
2014,NC,1.7981,0.6866,11.91,2.5586,56590,0.2344,2958,356,84,7500,37.75,1
2015,NC,2.2608,0.7955,12.11,1.6136,61490,0.2311,1539,325,90,7500,36.25,1
2016,NC,2.9878,1.0232,11.78,1.3919,64510,0.2278,6108,298,218,7500,34.25,1
2017,NC,3.9111,1.3381,11.69,1.6094,58420,0.4269,3021,261,194,7500,34.55,1
2018,NC,7.0403,1.4352,11.94,1.8731,61690,0.6261,1504,229,213,7500,35.35,1
2019,NC,11.2432,1.8144,12.07,1.7261,69660,0.6239,18661,211,239,7500,36.45,1
2020,NC,15.58,2.1686,11.99,1.2204,68120,0.6217,3897,190,259,7500,36.35,1
2021,NC,24.2517,2.6346,12.29,2.0648,67820,0.6122,11281,169,234,7500,36.1,1
2022,NC,37.6366,2.8338,13.51,2.6753,65070,0.6028,17197,153,257,7500,38.75,1
2014,ND,0.1899,0.0542,9.98,2.6029,73460,0.1879,2958,356,84,7500,23,0
2015,ND,0.2652,0.0663,10.59,1.6824,69500,0.1489,1539,325,90,7500,23,0
2016,ND,0.4507,0.1193,10.9,1.4026,72210,0.1099,6108,298,218,7500,23,0
2017,ND,0.6623,0.1987,11.07,1.648,70950,0.117,3021,261,194,7500,23,0
2018,ND,1.3191,0.3694,10.83,1.9537,76870,0.1241,1504,229,213,7500,23,0
2019,ND,2.5195,0.6036,10.51,1.8069,79760,0.1117,18661,211,239,7500,23,0
2020,ND,3.0786,1.2956,10.62,1.2264,72270,0.0993,3897,190,259,7500,23,0
2021,ND,4.7816,1.7867,11.61,2.0928,74280,0.0851,11281,169,234,7500,23,0
2022,ND,7.8571,2.2082,11.73,2.6827,78720,0.0709,17197,153,257,7500,23,0
2014,OH,0.8076,0.206,13,2.6304,60050,0.2155,2958,356,84,7500,28,0
2015,OH,1.2679,0.3133,12.89,1.6385,64520,0.1163,1539,325,90,7500,28,0
2016,OH,1.8368,0.4487,12.28,1.412,64770,0.0171,6108,298,218,7500,28,0
2017,OH,2.6759,0.6647,12.58,1.6074,71560,0.118,3021,261,194,7500,28,0
2018,OH,5.2465,0.8128,12.48,1.8722,71240,0.2189,1504,229,213,7500,28,0
2019,OH,9.2993,1.1481,11.81,1.7593,73650,0.2088,18661,211,239,7500,38.5,0
2020,OH,12.8722,1.5595,13.01,1.1923,68060,0.1987,3897,190,259,7500,38.5,0
2021,OH,19.0774,1.8725,13.24,2.0403,67600,0.1886,11281,169,234,7500,38.5,0
2022,OH,27.8332,2.3819,15.25,2.552,67520,0.1785,17197,153,257,7500,38.5,0
2014,OK,1.5574,0.1186,10.74,2.5756,57090,0.1513,2958,356,84,13000,17,0
2015,OK,1.7624,0.2021,11.12,1.6568,56990,0.1394,1539,325,90,13000,17,0
2016,OK,2.0172,0.2623,11.03,1.3658,61120,0.1275,6108,298,218,13000,17,0
2017,OK,3.3627,0.3485,11.01,1.6237,61180,0.1362,3021,261,194,13000,17,0
2018,OK,9.4512,0.4238,11,1.9073,62920,0.145,1504,229,213,13000,20,0
2019,OK,10.8037,0.7809,10.98,1.7609,67650,0.1351,18661,211,239,13000,20,0
2020,OK,12.2717,1.7477,10.79,1.1843,59150,0.1252,3897,190,259,13000,20,0
2021,OK,21.5551,2.7257,12.95,2.0612,64800,0.1234,11281,169,234,13000,20,0
2022,OK,40.5347,2.7194,14.42,2.6363,63440,0.1216,17197,153,257,13000,20,0
2014,OR,8.5511,2.4954,10.78,2.6897,71220,0.7323,2958,356,84,12500,30,0
2015,OR,12.3662,2.7467,10.93,1.8197,73640,0.7222,1539,325,90,12500,30,0
2016,OR,16.895,3.1076,10.98,1.4832,70950,0.7121,6108,298,218,12500,30,0
2017,OR,22.2052,3.2894,10.97,1.7885,73690,0.7237,3021,261,194,12500,30,0
2018,OR,30.6106,3.6921,11.24,2.1296,79950,0.7354,1504,229,213,12500,34,0
2019,OR,43.0729,4.4882,11.21,1.9915,84760,0.7348,18661,211,239,12500,34,0
2020,OR,54.2915,4.987,11.37,1.4425,86630,0.7343,3897,190,259,12500,36,0
2021,OR,73.8336,5.7301,11.73,2.3065,88260,0.7232,11281,169,234,12500,36,0
2022,OR,103.6024,5.831,11.91,2.9443,86780,0.7121,17197,153,257,12500,38,0
2014,PA,1.1417,0.2979,13.42,2.6274,66740,0.2713,2958,356,84,10500,31.2,0
2015,PA,1.6465,0.3809,14.49,1.6245,73100,0.423,1539,325,90,10500,50.5,0
2016,PA,2.4299,0.5273,14.4,1.3844,73170,0.5746,6108,298,218,10500,50.3,0
2017,PA,3.3329,0.6084,14.69,1.6156,72260,0.6003,3021,261,194,10500,58.2,0
2018,PA,6.2988,0.7703,14.1,1.8989,74580,0.626,1504,229,213,10500,57.6,0
2019,PA,9.6876,1.1522,14.19,1.7462,80390,0.6252,18661,211,239,10500,57.6,0
2020,PA,13.8894,1.5759,13.93,1.2066,79800,0.6244,3897,190,259,10500,57.6,0
2021,PA,21.5413,2.0479,14.53,2.0812,78310,0.6359,11281,169,234,10500,57.6,0
2022,PA,34.0423,2.5031,17.63,2.675,72210,0.6475,17197,153,257,10500,57.6,0
2014,RI,0.9565,1.4111,17.2,2.6968,70920,0.9054,2958,356,84,10000,32,0
2015,RI,1.4867,1.6855,19.68,1.4,67430,0.9083,1539,325,90,10000,33,0
2016,RI,2.3846,1.9304,18.89,1.5138,73830,0.9111,6108,298,218,10000,33,0
2017,RI,3.9501,2.0461,19.53,1.6277,77120,0.9136,3021,261,194,10000,33,0
2018,RI,6.5483,2.3434,21.46,1.9443,71970,0.9161,1504,229,213,10000,34,0
2019,RI,10.3647,3.8419,21.83,1.8138,79900,0.9139,18661,211,239,10000,35,0
2020,RI,14.2917,5.0162,22.43,1.3258,90380,0.9117,3897,190,259,10000,35,0
2021,RI,22.8878,5.7242,22.39,2.1668,80850,0.9117,11281,169,234,10000,35,0
2022,RI,35.2885,7.0577,24.64,2.7547,80650,0.9117,17197,153,257,10000,35,0
2014,SC,0.7546,0.5121,12.62,2.5644,54350,0.2568,2958,356,84,7500,16,0
2015,SC,1.0139,0.6705,12.65,1.6143,56120,0.2527,1539,325,90,7500,16,0
2016,SC,1.3312,0.7584,12.39,1.39,65200,0.2487,6108,298,218,7500,16,0
2017,SC,1.7585,0.9739,12.73,1.6058,64310,0.2487,3021,261,194,7500,18,0
2018,SC,3.092,1.0897,12.43,1.8653,66400,0.2487,1504,229,213,7500,20,0
2019,SC,4.91,1.2489,13.01,1.7218,70650,0.2961,18661,211,239,7500,22,0
2020,SC,7.2874,1.4166,13.15,1.2192,68020,0.3436,3897,190,259,7500,24,0
2021,SC,12.4301,1.6597,13.81,2.0682,67440,0.2781,11281,169,234,7500,26,0
2022,SC,19.8923,1.8683,14.68,2.6867,61770,0.2127,17197,153,257,7500,28,0
2014,SD,0.2944,0.3769,11.27,2.5819,64170,0.1333,2958,356,84,7500,28,0
2015,SD,0.3747,0.281,11.7,1.6773,66660,0.119,1539,325,90,7500,28,0
2016,SD,0.5099,0.4635,12.18,1.3702,68930,0.1048,6108,298,218,7500,28,0
2017,SD,0.8821,0.5385,12.43,1.6396,67110,0.1024,3021,261,194,7500,30,0
2018,SD,1.6615,0.8763,12.35,1.9152,68730,0.1,1504,229,213,7500,30,0
2019,SD,2.8825,1.4356,12.28,1.7728,73190,0.0833,18661,211,239,7500,30,0
2020,SD,3.8407,1.498,12.51,1.2183,79120,0.0667,3897,190,259,7500,30,0
2021,SD,6.2033,1.7405,12.7,2.1012,79680,0.069,11281,169,234,7500,30,0
2022,SD,9.8805,1.9343,13.25,2.619,67180,0.0714,17197,153,257,7500,30,0
2014,TN,2.6127,1.4126,10.37,2.5513,52880,0.1481,2958,356,84,7500,20,0
2015,TN,3.0586,1.3093,10.63,1.6081,57290,0.1414,1539,325,90,7500,20,0
2016,TN,3.7496,1.4941,10.63,1.3909,61610,0.1347,6108,298,218,7500,20,0
2017,TN,4.4151,1.5755,10.53,1.591,65210,0.1364,3021,261,194,7500,24,0
2018,TN,6.4224,1.6909,10.7,1.853,64800,0.138,1504,229,213,7500,25,0
2019,TN,8.9645,1.7674,10.44,1.7024,64500,0.1431,18661,211,239,7500,26,0
2020,TN,11.848,1.9362,11.18,1.2027,61970,0.1481,3897,190,259,7500,26,0
2021,TN,17.6731,2.3651,11.5,2.0587,67030,0.1448,11281,169,234,7500,26,0
2022,TN,26.2421,2.3748,13.07,2.6703,65380,0.1414,17197,153,257,7500,26,0
2014,TX,1.8213,0.682,12.03,2.5568,65170,0.3508,2958,356,84,7500,20,0
2015,TX,2.5639,0.7368,11.41,1.6195,68360,0.3558,1539,325,90,7500,20,0
2016,TX,3.3592,0.8741,11,1.3729,69770,0.3608,6108,298,218,7500,20,0
2017,TX,4.394,0.9609,11.24,1.6276,70860,0.3888,3021,261,194,7500,20,0
2018,TX,7.2183,1.0947,11.69,1.892,69100,0.4169,1504,229,213,7500,20,0
2019,TX,8.3201,1.3826,11.97,1.7388,76820,0.4249,18661,211,239,7500,20,0
2020,TX,12.4716,1.6426,11.89,1.2209,77110,0.433,3897,190,259,7500,20,0
2021,TX,21.9091,1.8558,12.56,2.0718,72680,0.4199,11281,169,234,7500,20,0
2022,TX,37.0438,2.1022,14.77,2.6777,74640,0.4069,17197,153,257,7500,20,0
2014,UT,3.1871,0.4903,10.25,2.632,76670,0.1072,2958,356,84,7500,24.5,1
2015,UT,4.5073,0.9021,10.58,1.8318,80200,0.1112,1539,325,90,7500,24.5,1
2016,UT,6.5881,0.9797,10.69,1.4618,80970,0.1152,6108,298,218,7500,29.4,1
2017,UT,8.4842,1.2512,10.6,1.7282,82290,0.1299,3021,261,194,7500,29.4,1
2018,UT,13.5022,1.7219,10.32,2.1423,89080,0.1445,1504,229,213,7500,29.4,1
2019,UT,20.5399,2.9632,10.42,1.9144,96270,0.1445,18661,211,239,7500,30,1
2020,UT,27.0738,4.9239,10.25,1.4514,94680,0.1445,3897,190,259,7500,30,1
2021,UT,39.8349,5.9234,10.52,2.4342,94510,0.1493,11281,169,234,7500,0.32,1
2022,UT,61.5367,5.4921,10.99,2.7217,95800,0.1542,17197,153,257,7500,0.32,1
2014,VT,2.879,1.9513,17.41,2.708,73430,0.7444,2958,356,84,11500,19.2,0
2015,VT,3.7267,4.3985,17.44,1.7472,72020,0.7478,1539,325,90,11500,19.2,0
2016,VT,5.0027,6.2374,17.78,1.4454,73000,0.7511,6108,298,218,11500,30.73,0
2017,VT,10.6031,6.9673,17.95,1.6466,75090,0.6033,3021,261,194,11500,30.73,0
2018,VT,16.2887,8.5688,18.42,1.9397,80990,0.4556,1504,229,213,11500,30.46,0
2019,VT,26.9075,10.6412,20.16,1.7959,84630,0.4467,18661,211,239,11500,30.46,0
2020,VT,35.9911,12.3963,20.13,1.2455,75810,0.4378,3897,190,259,11500,30.46,0
2021,VT,54.598,13.4602,20.55,2.088,82040,0.4678,11281,169,234,11500,30.46,0
2022,VT,78.3174,13.8462,21.14,2.6783,72190,0.4978,17197,153,257,11500,30.46,0
2014,VA,1.7146,0.7135,11.67,2.6162,80020,0.61,2958,356,84,10000,11.1,0
2015,VA,2.3751,0.9077,11.52,1.6607,74430,0.6075,1539,325,90,10000,16.2,0
2016,VA,3.4054,1.1831,11.25,1.4209,79730,0.605,6108,298,218,10000,16.2,0
2017,VA,5.0085,1.3032,12.02,1.6448,83500,0.63,3021,261,194,10000,16.2,0
2018,VA,10.282,1.7068,11.9,1.9094,89180,0.655,1504,229,213,10000,16.2,0
2019,VA,16.8918,2.4088,12.39,1.7676,92610,0.6733,18661,211,239,10000,16.2,0
2020,VA,22.4506,2.8991,12.5,1.2459,92670,0.6917,3897,190,259,10000,16.2,0
2021,VA,34.9368,3.8129,12.58,2.0963,86550,0.68,11281,169,234,10000,26.2,0
2022,VA,55.1244,4.2067,14.61,2.6967,85170,0.6683,17197,153,257,10000,28,0
2014,WA,12.491,2.1518,8.83,2.6588,71450,0.6701,2958,356,84,7500,37.5,0
2015,WA,16.5921,2.2,9.41,1.7876,81400,0.6718,1539,325,90,7500,44.5,0
2016,WA,20.7738,2.4552,9.58,1.4903,84360,0.6735,6108,298,218,7500,49.4,0
2017,WA,26.6308,2.8774,9.84,1.8038,84360,0.699,3021,261,194,7500,49.4,0
2018,WA,38.2888,3.4198,9.68,2.1499,92150,0.7245,1504,229,213,7500,49.4,0
2019,WA,51.2995,4.2102,9.67,2.0153,93910,0.7245,18661,211,239,7500,49.4,0
2020,WA,63.8107,4.9414,10.02,1.4629,91710,0.7245,3897,190,259,7500,49.4,0
2021,WA,85.8162,5.5868,10.38,2.3238,94510,0.7262,11281,169,234,7500,49.4,0
2022,WA,119.6445,5.8231,10.59,2.8523,89430,0.7279,17197,153,257,7500,49.4,0
2014,WI,0.8659,0.5286,14.13,2.6037,70250,0.2626,2958,356,84,7500,30.9,0
2015,WI,2.0674,0.6527,14.87,1.6852,67090,0.2559,1539,325,90,7500,30.9,0
2016,WI,4.3446,0.7813,14.76,1.4097,71770,0.2492,6108,298,218,7500,30.9,0
2017,WI,5.9065,0.8583,15.09,1.6392,74850,0.2559,3021,261,194,7500,30.9,0
2018,WI,7.9003,0.9591,14.94,1.9026,72390,0.2626,1504,229,213,7500,30.9,0
2019,WI,10.2517,1.2211,15.26,1.7843,76720,0.4226,18661,211,239,7500,30.9,0
2020,WI,12.6579,1.4059,14.8,1.1897,75980,0.5825,3897,190,259,7500,30.9,0
2021,WI,17.8147,1.614,15.12,2.0539,75420,0.5724,11281,169,234,7500,30.9,0
2022,WI,25.855,1.8402,16.19,2.574,73330,0.5623,17197,153,257,7500,30.9,0
2014,WV,0.2974,0.5461,9.7,2.6131,47840,0.6102,2958,356,84,7500,34.7,0
2015,WV,0.4126,0.3692,10.98,1.6191,51840,0.5923,1539,325,90,7500,34.6,0
2016,WV,0.5461,0.5243,11.89,1.3933,53220,0.5743,6108,298,218,7500,33.2,0
2017,WV,0.7595,1.0952,11.96,1.6187,55370,0.4241,3021,261,194,7500,35.7,0
2018,WV,1.2914,1.175,11.27,1.8868,58460,0.2739,1504,229,213,7500,35.7,0
2019,WV,2.2989,1.3615,12.05,1.7512,61170,0.2309,18661,211,239,7500,35.7,0
2020,WV,3.3881,1.4401,13,1.2089,58580,0.1878,3897,190,259,7500,35.7,0
2021,WV,5.5847,1.7196,13.67,2.0667,50500,0.1335,11281,169,234,7500,35.7,0
2022,WV,8.8386,2.1758,14.4,2.6147,52460,0.0792,17197,153,257,7500,35.7,0
2014,WY,0.309,0.2918,11.17,2.5949,67360,0.0944,2958,356,84,7500,24,0
2015,WY,0.4098,0.5464,11.56,1.6895,73750,0.0861,1539,325,90,7500,24,0
2016,WY,0.6847,1.0784,11.56,1.3913,69390,0.0778,6108,298,218,7500,24,0
2017,WY,1.0882,1.5719,11.61,1.6596,70200,0.0806,3021,261,194,7500,24,0
2018,WY,2.1468,2.0949,11.08,1.9889,72290,0.0833,1504,229,213,7500,24,0
2019,WY,3.8704,2.7473,11.47,1.8248,74190,0.0722,18661,211,239,7500,24,0
2020,WY,5.5222,2.9775,11.69,1.3088,73780,0.0611,3897,190,259,7500,24,0
2021,WY,7.8855,3.1749,11.69,2.2749,76620,0.0547,11281,169,234,7500,24,0
2022,WY,12.1899,3.6621,12.01,2.6547,73090,0.0484,17197,153,257,7500,24,0